pdf_file,report_id,report_type,product,declared_amount_mg,batch,test_date,purity_pct,theoretical_mass_da,observed_mass_da
MAL-26-1614.pdf,MAL-26-1614,,PT-141,10,PP-2508-009,2025-08-14,99.0,1025.2,1025.5
MAL-26-1791.pdf,MAL-26-1791,,Ipamorelin,5,PP-2604-021,2026-04-15,99.0,711.9,712.2
MAL-26-1950.pdf,MAL-26-1950,,Semax,5,PP-2608-002,2026-08-05,99.2,813.9,814.2
MAL-26-2186.pdf,MAL-26-2186,,CJC-1295 (no DAC),2,PP-2607-003,2026-07-02,98.2,3367.9,3367.5
MAL-26-2408.pdf,MAL-26-2408,,DSIP,5,PP-2604-013,2026-04-09,98.4,848.8,851.3
MAL-26-2542.pdf,MAL-26-2542,first analysis,Selank,5,PP-2601-015,2026-01-12,98.9,751.9,752.0
MAL-26-3471.pdf,MAL-26-3471,,TB-500,5,PP-2603-011,,99.1,4963.5,4963.9
MAL-26-4517.pdf,MAL-26-4517,,Thymosin Alpha-1,5,PP-2603-017,2026-03-24,98.6,3108.3,3108.9
MAL-26-6305.pdf,MAL-26-6305,,BPC-157,5,PP-2606-004,2026-06-18,99.4,1419.5,1419.8
MAL-26-6991.pdf,MAL-26-6991,re-analysis,Selank,5,PP-2601-015,2026-06-20,99.3,751.9,751.7
MAL-26-7468.pdf,MAL-26-7468,,GHK-Cu,50,,2026-05-22,98.7,403.9,404.1
MAL-26-7851.pdf,MAL-26-7851,,AOD-9604,5,PP-2607-005,2026-07-21,99.5,1815.1,1815.4
MAL-26-8104.pdf,MAL-26-8104,,KPV,10,PP-2606-010,2026-06-03,98.8,341.4,341.6
MAL-26-9313.pdf,MAL-26-9313,,MOTS-c,10,PP-2605-006,2026-05-30,97.4,2174.6,2174.9
MAL-26-9779.pdf,MAL-26-9779,,Epitalon,10,PP-2602-008,2026-02-27,99.6,390.4,390.6
