Product,Size_mg,Price_USD
AOD-9604,5,62.00
AOD-9604,10,109.00
BPC-157,5,49.00
BPC-157,10,85.00
CJC-1295 (no DAC),2,45.00
CJC-1295 (with DAC),2,65.00
Cagrilintide,5,139.00
DSIP,5,42.00
Epitalon,10,44.00
GHK-Cu,50,69.00
GHK-Cu,100,119.00
GHRP-2,5,36.00
GHRP-6,5,39.00
Gonadorelin,2,34.00
Hexarelin,5,49.00
Ipamorelin,5,55.00
Ipamorelin,10,95.00
KPV,10,54.00
Kisspeptin-10,5,57.00
LL-37,5,99.00
MOTS-c,10,95.00
Melanotan II,10,46.00
Oxytocin,2,35.00
Oxytocin,5,69.00
PT-141,10,58.00
Retatrutide,10,229.00
Retatrutide,20,419.00
Selank,5,48.00
Selank,10,86.00
Semaglutide,5,119.00
Semaglutide,10,199.00
Semax,5,52.00
Sermorelin,5,52.00
TB-500,5,59.00
Tesamorelin,5,89.00
Thymosin Alpha-1,5,78.00
Tirzepatide,10,179.00
Tirzepatide,15,249.00
