SKU,Product,Size_mg,Price_USD,Purity_Listed_pct,Batch_Listed,Test_Date_Listed
P01,BPC-157,5,49.00,99.4,PP-2607-004,2026-07-20
P02,BPC-157,10,85.00,99.1,PP-2607-021,2026-07-21
P03,TB-500,5,59.00,98.9,PP-2509-007,2025-10-09
P04,GHK-Cu,50,69.00,98.9,PP-2605-008,2026-05-22
P05,Ipamorelin,5,55.00,98.4,PP-2601-010,2026-01-14
P06,CJC-1295 (no DAC),2,45.00,99.2,PP-2606-017,2026-06-30
P07,CJC-1295 (with DAC),2,65.00,99.0,PP-2606-018,2026-07-02
P08,Sermorelin,5,52.00,98.7,PP-2602-006,2026-02-10
P09,Tesamorelin,5,89.00,98.6,PP-2606-014,2026-06-25
P10,Semaglutide,5,119.00,99.2,PP-2607-002,2026-07-15
P11,Tirzepatide,10,179.00,99.0,PP-2608-011,2026-08-19
P12,Retatrutide,10,229.00,98.8,PP-2608-019,2026-08-27
P13,AOD-9604,5,62.00,99.3,PP-2607-009,2026-07-28
P14,Epitalon,10,44.00,99.6,PP-2603-022,2026-04-03
P15,Selank,5,48.00,99.1,PP-2608-005,2026-08-14
P16,Semax,5,48.00,99.3,PP-2608-002,2026-08-06
P17,PT-141,10,58.00,98.2,PP-2606-030,2026-06-11
P18,Melanotan II,10,46.00,99.0,PP-2607-015,2026-07-09
P19,DSIP,5,42.00,98.8,PP-2607-024,2026-07-30
P20,Kisspeptin-10,5,57.00,99.1,PP-2602-003,2026-02-08
P21,MOTS-c,10,95.00,98.4,PP-2607-027,2026-07-17
P22,Thymosin Alpha-1,5,78.00,99.0,PP-2606-012,2026-06-19
P23,LL-37,5,99.00,96.9,PP-2608-007,2026-08-22
P24,Hexarelin,5,49.00,99.2,PP-2606-021,
P25,GHRP-2,5,39.00,99.1,PP-2607-012,2026-07-23
P26,GHRP-6,5,39.00,99.0,PP-2601-019,2026-01-21
P27,Oxytocin,2,35.00,99.5,PP-2608-013,2026-08-25
P28,KPV,10,54.00,99.4,PP-2508-031,2025-09-12
P29,Cagrilintide,5,139.00,98.1,PP-2607-030,2026-07-31
P30,Gonadorelin,2,34.00,99.3,PP-2510-016,2025-11-15
