STOCK_CODE,DESCRIPTION,SALES_PRICE,TAX_CODE,QTY_IN_STOCK,QTY_ALLOCATED,UNIT_WEIGHT,BARCODE,SUPPLIER_A/C,SUPPLIER_PART_REF,INACTIVE_FLAG
NHG-1001-BLU,CLASSIC WATERING CAN 9L BLUE,15.00,T1,24,3,0.90,5060123400014,HART01,HM-WC9-B,0
NHG-1001-GRN,CLASSIC WATERING CAN 9L GREEN,15.00,T1,11,0,0.90,5060123400021,HART01,HM-WC9-G,0
NHG-1001-RED,CLASSIC WATERING CAN 9L RED,15.00,T1,4,0,0.90,5060123400038,HART01,HM-WC9-R,1
NHG-1002-S,BYPASS SECATEURS SMALL,10.40,T1,30,4,0.20,5060123400045,HART01,HM-SEC-S,0
NHG-1002-L,BYPASS SECATEURS LARGE,12.50,T1,18,2,0.25,5060123400055,HART01,HM-SEC-L,0
NHG-1003,FOLDING PRUNING SAW,9.95,T1,15,1,0.30,5060123400069,HART01,HM-SAW-F,0
NHG-1004,LONG-HANDLED BULB PLANTER,11.20,T1,9,0,1.10,5060123400076,HART01,HM-BP-LH,0
NHG-1005,HOSE REEL 30M,29.00,T1,7,1,4.80,5.06012E+12,HART01,HM-HR30,0
NHG-2001,BASIL SEEDS (SWEET GENOVESE),1.95,T0,140,10,0.02,5060123400090,GREEN02,GS-BAS-01,0
NHG-2002,CORIANDER SEEDS (CALYPSO),1.95,T0,95,5,0.02,5060123400106,GREEN02,GS-COR-01,0
NHG-2003,PARSLEY SEEDS (MOSS CURLED),1.80,T0,120,0,0.02,5060123400113,GREEN02,GS-PAR-01,0
NHG-2004,WILDFLOWER SEED MIX 100G,6.50,T0,40,2,0.12,5060123400120,GREEN02,GS-WFM-100,0
NHG-2005,GROW YOUR OWN: A BEGINNER'S GU,8.99,T0,22,0,0.45,5060123400137,GREEN02,GS-BK-GYO,0
NHG-3001,TERRACOTTA HERB TROUGH 60CM,13.50,T1,16,2,3.20,5060123400144,OAKF03,OGS-TT60,0
NHG-3002-GRY,FOAM GARDEN KNEELER GREY,4.10,T1,5,7,0.25,5060123400151,OAKF03,OGS-KN-GY,0
NHG-3002-SGE,FOAM GARDEN KNEELER SAGE,4.10,T1,19,1,0.25,5.06012E+12,OAKF03,OGS-KN-SG,0
NHG-3003-S,HANGING BIRD FEEDER SMALL,7.20,T1,26,0,0.40,5060123400175,OAKF03,OGS-BF-S,0
NHG-3003-L,HANGING BIRD FEEDER LARGE,10.80,T1,14,2,0.70,5060123400182,OAKF03,OGS-BF-L,0
NHG-3004,COMPOST BIN 330L,24.00,T1,6,0,6.50,5.06012E+12,OAKF03,OGS-CB330,0
NHG-3005-S,LEATHER GARDENING GLOVES S,8.25,T1,12,0,0.15,5060123400205,OAKF03,OGS-GL-S,0
NHG-3005-M,LEATHER GARDENING GLOVES M,8.25,T1,33,5,0.15,5060123400212,OAKF03,OGS-GL-M,0
NHG-3005-L,LEATHER GARDENING GLOVES L,8.25,T1,21,1,0.16,5060123400229,OAKF03,OGS-GL-L,0
NHG-3005-XL,LEATHER GARDENING GLOVES XL,8.25,T1,2,0,0.17,5060123400236,OAKF03,OGS-GL-XL,0
NHG-3006,SLATE PLANT LABELS (PACK OF 10,5.40,T1,45,3,0.35,5060123400243,OAKF03,OGS-SPL10,0
NHG-3007,JUTE GARDEN TWINE 150M,2.90,T1,60,0,0.20,5060123400243,OAKF03,OGS-JT150,0
NHG-3008,SEED TRAY SET (5 TRAYS),6.80,T1,-2,12,0.60,5060123400267,OAKF03,OGS-STS5,0
NHG-3009-1M,RAISED BED KIT 1M,32.00,T1,8,0,14.00,5060123400274,OAKF03,OGS-RB-1,0
NHG-3009-2M,RAISED BED KIT 2M,49.00,T1,3,0,22.00,5060123400281,OAKF03,OGS-RB-2,0
NHG-3010,RATTAN SOLAR LANTERN,12.40,T1,20,4,0.80,5060123400298,OAKF03,OGS-RSL,0
NHG-3011,RAIN GAUGE,3.75,T1,25,0,0.10,5.06012E+12,OAKF03,OGS-RG,0
NHG-3012,ALL-PURPOSE PLANT FOOD 1L,4.60,T1,38,6,1.10,5060123400311,OAKF03,OGS-PF1,0
NHG-KIT-01,HERB STARTER KIT,18.00,T1,0,0,3.30,5060123400328,,,0
